User_ID,Timestamp_UTC,Midnight_Preprod_Shielded_Address,Action_Performed,Transaction_Commitment_Hash,Latency_ms,Tester_Category,Wallet_Client,Browser_OS,UX_Rating_1_to_5,Verifiable_Status,Qualitative_Feedback
1,2026-09-02 19:03:26,mn_shield-addr_preprod1mmge7upehustf7z2qyspk20pzulc9xu8c0cjgfunasz3cz628nwy5e9e5hjavs2cv3x08mpmfuslmd0m9lv7peggwnfwltz0a4saxuc4dkeer,Placed Bid,0xzkcomm_b4f910a72c1e843d9a04f2851a4b8893d5c64e0a,1740,Midnight Devnet Builder,Lace v0.5.2,Chrome / Win11,5,Verified On-Chain,Prover generated commitment in under 2 seconds. Clean interface.
2,2026-09-03 04:55:26,mn_shield-addr_preprod8fmge7upehustg7z2qyspk20pzulc9xu8c0cjgfunasz3cz628nwy5e9e5hjavs2cv3x08mpmfuslmd0m9lv7peggwnfwltz0a4saxuc4dkeer,Placed Bid,0xzkcomm_f10a8274d9e13a48bc7250e18374d6f839210c4a,1820,Cardano Community,Lace v0.5.2,Brave / macOS,5,Verified On-Chain,Great privacy flow. Salt export card makes tracking sealed bids simple.
3,2026-09-03 05:23:26,mn_shield-addr_preprod1mmge7upehustg7z2qyspk20pzulc9xc8c0cjgfunasz3cz628nwy5e9e5hjavs2cv3x08mpmfuslmd0m9lv7peggwnfwltz0a4saxuc4dkets,Placed Bid,0xzkcomm_99c381f0a25e6d1498b3c10a4e7195f2a084c71e,1910,ZK Researcher,Lace v0.5.2,Firefox / Linux,5,Verified On-Chain,Verified that bidAmount witness was never sent over network payload.
4,2026-09-03 08:39:26,mn_shield-addr_preprod1mmge7upehustg7z2qyspk20pzulc9xu8c0cjgftnasz3cz628nwy5e9e5hjavs2cv3x08mpmfuslmd0m9lv7peggwnfwltz0a4saxud4dketw,Placed Bid,0xzkcomm_e782910fa34b5c6d7e8f9a0b1c2d3e4f5a6b7c8d,1690,DeFi Trader,Lace v0.5.2,Edge / Win11,4,Verified On-Chain,UI looks very futuristic. Would like to see auto-bid increments.
5,2026-09-03 12:10:26,mn_shield-addr_preprod1mmge7upehustg7z2qyspk20pzulc9xu8c0cjgfunasz3cz628nwy5e9e5hjavs2cv3x08mpmfuslmd0m9lv7peggwnfwltz0a4saxud4dketw,Placed Bid,0xzkcomm_1a2b3c4d5e6f7a8b9c0d1e2f3a4b5c6d7e8f9a0b,1760,Cardano Community,Lace v0.5.2,Chrome / macOS,5,Verified On-Chain,Lace wallet connection was instant.
6,2026-09-03 12:47:26,mn_shield-addr_preprod1mmge7upehustg7z2qyspk20pzulc9xu8c0cjgfunasz3cz628nwy5e9e5hjavs2cv3x08mpmfuslmd0m9lv7peggwnfwltz0a4saxuc4dketP,Placed Bid,0xzkcomm_89f01a2b3c4d5e6f7a8b9c0d1e2f3a4b5c6d7e8f,1880,Midnight Devnet Builder,Lace v0.5.2,Brave / Win11,5,Verified On-Chain,Commitment tree accumulator update verified on preprod indexer.
7,2026-09-03 14:16:26,mn_shield-addr_preprod3emge7upehustg7z2qyspk20pzulc9xu8c0cjgfunasz3cz628nwy5e9e5hjavs2cv3x08mpmfuslmd0m9lv7peggwnfwltz0a4saxuc4dkeer,Placed Bid,0xzkcomm_77a8b9c0d1e2f3a4b5c6d7e8f9a0b1c2d3e4f5a6,1940,ZK Researcher,Lace v0.5.2,Chrome / Linux,5,Verified On-Chain,Groth16 client proving is very responsive.
8,2026-09-03 15:05:26,mn_shield-addr_preprod1mmge7upehustg7z2qyspk20pzulc9xu8c0cjgfunasz3cz628nwy5e9e5hjals2cv3x08mpmfuslmd0m9lv7peggwnfwltz0a4saxuc4dkeer,Placed Bid,0xzkcomm_55c6d7e8f9a0b1c2d3e4f5a6b7c8d9e0f1a2b3c4,1710,DeFi Trader,Lace v0.5.2,Firefox / macOS,4,Verified On-Chain,Tested auction settlement simulation. Works as advertised.
9,2026-09-03 16:16:26,mn_shield-addr_preprod2mmge7upehustg7z2qyspk20pzulc9xu8c0cjgfunasz3cz628nwy5e9e5hjavs2cv3x08mpmfuslmd0m9lv7peggwnfwltz0a4saxuc4dketw,Placed Bid,0xzkcomm_44d5e6f7a8b9c0d1e2f3a4b5c6d7e8f9a0b1c2d3,1800,Cardano Community,Lace v0.5.2,Chrome / Win10,5,Verified On-Chain,Clear distinction between public and shielded addresses.
10,2026-09-03 20:32:26,mn_shield-addr_preprod1mmge7upehustg7z2qyspk20pzulc9xu8c0cjgfunasz3cz628nwy5e9e5hjavs2cv3x08mpmfuslmd0m9lv7peggwnfwltz0a4saxuc4dkeee,Placed Bid,0xzkcomm_33e4f5a6b7c8d9e0f1a2b3c4d5e6f7a8b9c0d1e2,1850,Midnight Devnet Builder,Lace v0.5.2,Brave / macOS,5,Verified On-Chain,Smooth transaction flow.
11,2026-09-03 22:20:26,mn_shield-addr_preprod1mmge7upehustg7z2qyspk20pzulc9xu8c0cjgfunasz3cz628nwy5e9e5hjavs2cv3x08mppfuslmd0m9lv7peggwnfwltz0a4saxuc4dkeer,Placed Bid,0xzkcomm_22f3a4b5c6d7e8f9a0b1c2d3e4f5a6b7c8d9e0f1,1770,ZK Researcher,Lace v0.5.2,Edge / Win11,5,Verified On-Chain,Proof verification matches persistentHash specification.
12,2026-09-04 02:30:26,mn_shield-addr_preprod1mmge7upehustg7z2qyspk20pzulc9xu8c0cjgfunasz3cz628nwy5e9e5hjavs2cv3x08mpmfuslmd0m9lv7peggwnfgltz0a4saxuc4dketw,Placed Bid,0xzkcomm_11a2b3c4d5e6f7a8b9c0d1e2f3a4b5c6d7e8f9a0,1920,Cardano Community,Lace v0.5.2,Chrome / macOS,5,Verified On-Chain,Very easy to follow instructions on the how-it-works page.
13,2026-09-04 08:08:26,mn_shield-addr_preprod1mmge7upehustg7z2qyspk20pzulc9xu8c0cjgfunasz3cz628nwy5e9e5hjavs2cv3x08mpmfuslmd0m9lv7peggwnfwltz0a4saxuc4dkeez,Placed Bid,0xzkcomm_00b1c2d3e4f5a6b7c8d9e0f1a2b3c4d5e6f7a8b9,1830,DeFi Trader,Lace v0.5.2,Firefox / Win11,4,Verified On-Chain,Appreciation for the zero-knowledge privacy aspect.
14,2026-09-04 11:44:26,mn_shield-addr_preprod1mmge7upehustg7z2qyspk20pzulc9xu8c0cjgfunssz3cz628nwy5e9e5hjavs2cv3x08mpmfuslmd0m9lv7peggwnfgltz0a4saxuc4dketw,Placed Bid,0xzkcomm_ffc0d1e2f3a4b5c6d7e8f9a0b1c2d3e4f5a6b7c8,1750,Midnight Devnet Builder,Lace v0.5.2,Brave / Linux,5,Verified On-Chain,Clean separation of witnesses.
15,2026-09-04 11:55:26,mn_shield-addr_preprod1mmge7upehustg7z2qyspk20pzulc9xu8c0cjgfunasz3cz628nwy5e9e5hjavs2cv3x08mpmfuslmd0m9lv7peggwnfwltz0a4saxuc4dketE,Placed Bid,0xzkcomm_eed1e2f3a4b5c6d7e8f9a0b1c2d3e4f5a6b7c8d9,1890,ZK Researcher,Lace v0.5.2,Chrome / Win11,5,Verified On-Chain,Excellent UI feedback states.
16,2026-09-05 00:07:26,mn_shield-addr_preprod1mmge7upehustl7z2qyspk20pzulc9xu8c0cjgfunasz3cz628nwy5e9e5hjavs2cv3x08mpmfuslmd0m9lv7peggwnfwltz0a4saxuc4dkeer,Placed Bid,0xzkcomm_ddc2d3e4f5a6b7c8d9e0f1a2b3c4d5e6f7a8b9c0,1680,Cardano Community,Lace v0.5.2,Chrome / macOS,5,Verified On-Chain,No issues placing test bids.
17,2026-09-05 00:45:26,mn_shield-addr_preprod1mmge7upehustg7z2qyspk20pzulc9xu8c0cjgfunaszocz628nwy5e9e5hjavs2cv3x08mpmfuslmd0m9lv7peggwnfwltz0a4saxuc4dketq,Placed Bid,0xzkcomm_ccb3c4d5e6f7a8b9c0d1e2f3a4b5c6d7e8f9a0b1,1810,DeFi Trader,Lace v0.5.2,Edge / Win10,4,Verified On-Chain,Useful receipt download modal.
18,2026-09-05 04:29:26,mn_shield-addr_preprod9hmge7upehustg7z2qyspk20pzulc9xu8c0cjgfunasz3cz628nwy5e9e5hjavs2cv3x08mpmfuslmd0m9lv7peggwnfwltz0a4saxuc4dkeer,Placed Bid,0xzkcomm_bba4b5c6d7e8f9a0b1c2d3e4f5a6b7c8d9e0f1a2,1900,Midnight Devnet Builder,Lace v0.5.2,Firefox / Linux,5,Verified On-Chain,Indexer sync confirmed without latency spikes.
19,2026-09-05 06:44:26,mn_shield-addr_preprod1mmge7upehustg7z2qyspk20pzulc9xu8c0cjgfunasz3cz528nwy5e9e5hjavs2cv3x08mpmfuslmd0m9lv7peggwnfwltz0a4saxud4dketw,Placed Bid,0xzkcomm_aa95c6d7e8f9a0b1c2d3e4f5a6b7c8d9e0f1a2b3,1730,ZK Researcher,Lace v0.5.2,Brave / macOS,5,Verified On-Chain,Witnesses strictly client-side.
20,2026-09-05 06:52:26,mn_shield-addr_preprod1mmge7upehustg7z2qyspk20pzulc9xu8c0cjgfunasz3cz628nwy5e9e5hjavs2cv3x08mpmfuslmd0m9lv7peggwnfwltz0a4saxuc4dketw,Placed Bid,0xzkcomm_9986d7e8f9a0b1c2d3e4f5a6b7c8d9e0f1a2b3c4,1860,Cardano Community,Lace v0.5.2,Chrome / Win11,5,Verified On-Chain,Top marks for user onboarding clarity.
21,2026-09-05 08:36:26,mn_shield-addr_preprod1mmge7upehustg7z2qyspk20pzulc9xu8c0cjgfunagz3cz628nwy5e9e5hjavs2cv3x08mpmfuslmd0m9lv7peggwnfgltz0a4saxuc4dketw,Placed Bid,0xzkcomm_8877e8f9a0b1c2d3e4f5a6b7c8d9e0f1a2b3c4d5,1790,DeFi Trader,Lace v0.5.2,Safari / macOS,4,Verified On-Chain,Like the dark mode aesthetic.
22,2026-09-05 15:02:26,mn_shield-addr_preprod1mmge7upehustg7z2qyspk20pzulc9xu8c0cjgfukasz3cz628nwy5e9e5hjavs2cv3x08mpmfuslmd0m9lv7peggwnfwltz0a4saxuc4dkeer,Placed Bid,0xzkcomm_7768f9a0b1c2d3e4f5a6b7c8d9e0f1a2b3c4d5e6,1840,Midnight Devnet Builder,Lace v0.5.2,Chrome / Linux,5,Verified On-Chain,Successfully created and tested confidential bids.
23,2026-09-05 17:59:26,mn_shield-addr_preprod1mmge7upehustg7z2qyspk20pzulc9xu8c9cjgfunasz3cz628nwy5e9e5hjavs2cv3x08mpmfuslmd0m9lv7peggwnfwltz0a4saxuc4dketP,Placed Bid,0xzkcomm_6659a0b1c2d3e4f5a6b7c8d9e0f1a2b3c4d5e6f7,1920,Cardano Community,Lace v0.5.2,Brave / Win11,5,Verified On-Chain,Great onboarding speed.
24,2026-09-05 20:09:26,mn_shield-addr_preprod4rmge7upehustg7z2qyspk20pzulc9xu8c0cjgfunasz3cz628nwy5e9e5hjavs2cv3x08mpmfuslmd0m9lv7peggwnfwltz0a4saxuc4dkeer,Placed Bid,0xzkcomm_554ab1c2d3e4f5a6b7c8d9e0f1a2b3c4d5e6f7a8,1720,ZK Researcher,Lace v0.5.2,Firefox / macOS,5,Verified On-Chain,Commitment math validated.
25,2026-09-06 02:32:26,mn_shield-addr_preprod1mmge7upehustg7z2qyspk20pzulc9xu8c0cjgfunasz3cz628nwy5e9e5hjavs2cv3x08mpmfuslmd0m9lv7peggwnfwltz0a4saxuc4dkeer,Placed Bid,0xzkcomm_443bc2d3e4f5a6b7c8d9e0f1a2b3c4d5e6f7a8b9,1870,DeFi Trader,Lace v0.5.2,Edge / Win11,4,Verified On-Chain,Intuitive bid confirmation modal.
26,2026-09-06 04:01:26,mn_shield-addr_preprod6ymge7upehustg7z2qyspk20pzulc9xu8c0cjgfunasz3cz628nwy5e9e5hjavs2cv3x08mpmfuslmd0m9lv7peggwnfwltz0a4saxuc4dkeer,Placed Bid,0xzkcomm_332cd3e4f5a6b7c8d9e0f1a2b3c4d5e6f7a8b9c0,1810,Midnight Devnet Builder,Lace v0.5.2,Chrome / macOS,5,Verified On-Chain,Clean UI state progression.
27,2026-09-06 08:22:26,mn_shield-addr_preprod1mmge7upehustg7z2qyspk20pzulc9xu8c0cjgfunasz3cz628nwy5e9e5hjavs2cv3x08mpmfuslmd0m9lv7peggwnfwltz0a4saxuc4dketq,Placed Bid,0xzkcomm_221de4f5a6b7c8d9e0f1a2b3c4d5e6f7a8b9c0d1,1780,Cardano Community,Lace v0.5.2,Brave / Win11,5,Verified On-Chain,Tested faucet to bidding in under 3 minutes.
28,2026-09-06 19:11:26,mn_shield-addr_preprod1mmge7upehustg7x2qyspk20pzulc9xu8c0cjgfunasz3cz628nwy5e9e5hjavs2cv3x08mpmfuslmd0m9lv7peggwnfwltz0a4saxuc4dkeer,Placed Bid,0xzkcomm_110ef5a6b7c8d9e0f1a2b3c4d5e6f7a8b9c0d1e2,1890,ZK Researcher,Lace v0.5.2,Firefox / Linux,5,Verified On-Chain,Zero data leakage during bidding.
29,2026-09-06 19:44:26,mn_shield-addr_preprod1mmge7upehustg7z2qyspk20pzulc9xu8c0cjgfunasz3cz628ncy5e9e5hjavs2cv3x08mpmfuslmd0m9lv7peggwnfwltz0a4saxuc4dketE,Placed Bid,0xzkcomm_00ffe6a7b8c9d0e1f2a3b4c5d6e7f8a9b0c1d2e3,1740,DeFi Trader,Lace v0.5.2,Chrome / Win11,5,Verified On-Chain,Very responsive layout on ultra-wide monitor.
30,2026-09-06 23:42:26,mn_shield-addr_preprod1mmge7upehustg7z2qyspk20pzulc9xu4c0cjgfunasz3cz628nwy5e9e5hjavs2cv3x08mpmfuslmd0m9lv7peggwnfwltz0a4saxuc4dkeer,Placed Bid,0xzkcomm_ffeed7b8c9d0e1f2a3b4c5d6e7f8a9b0c1d2e3f4,1820,Midnight Devnet Builder,Lace v0.5.2,Brave / macOS,5,Verified On-Chain,Preprod transactions confirmed cleanly.
31,2026-09-07 03:26:26,mn_shield-addr_preprod1mmge7upehustg7z2qyspk20pzulc9xu8c0cjgfunasz3cz628nwy5e9e5hjavs2cv3x08mpmfuslmd0m9lv7peggwnfwltz0a4saxuc4dkedd,Placed Bid,0xzkcomm_eeddc8c9d0e1f2a3b4c5d6e7f8a9b0c1d2e3f4a5,1860,Cardano Community,Lace v0.5.2,Chrome / Win10,5,Verified On-Chain,Private bidding feels seamless.
32,2026-09-07 08:21:26,mn_shield-addr_preprod1mmge7upehustg7z2qyspk20fzulc9xu8c0cjgfunasz3cz628nwy5e9e5hjavs2cv3x08mpmfuslmd0m9lv7peggwnfwltz0a4saxuc4dkeer,Placed Bid,0xzkcomm_ddccb9d0e1f2a3b4c5d6e7f8a9b0c1d2e3f4a5b6,1700,ZK Researcher,Lace v0.5.2,Firefox / macOS,5,Verified On-Chain,Commitment structure is solid.
33,2026-09-07 20:52:26,mn_shield-addr_preprod1mmge7upewustg7z2qyspk20pzulc9xu8c0cjgfunasz3cz628nwy5e9e5hjavs2cv3x08mpmfuslmd0m9lv7peggwnfwltz0a4saxuc4dkeer,Placed Bid,0xzkcomm_ccbba0e1f2a3b4c5d6e7f8a9b0c1d2e3f4a5b6c7,1850,DeFi Trader,Lace v0.5.2,Edge / Win11,4,Verified On-Chain,Clear fee and gas display.
34,2026-09-07 22:42:26,mn_shield-addr_preprod1mmge7upehustg7z2qyspk20pzulc9xu8c0cjgfqnasz3cz628nwy5e9e5hqavs2cv3x08mpmfuslmd0m9lv7peggwnfwltz0a4saxuc4dkeer,Placed Bid,0xzkcomm_bbaa91f2a3b4c5d6e7f8a9b0c1d2e3f4a5b6c7d8,1790,Midnight Devnet Builder,Lace v0.5.2,Chrome / Linux,5,Verified On-Chain,Indexer queries returned accurate bidder count.
35,2026-09-07 23:11:26,mn_shield-addr_preprod1mmge7upehustg7z2qyspk20pzulc9xu8c0cjgfunasz3cz628nwy5e9e5hjavs2cv3x08mpmfuslmd0m9lv7peggwnfwltz0a4saxuc4dkets,Placed Bid,0xzkcomm_aa9982a3b4c5d6e7f8a9b0c1d2e3f4a5b6c7d8e9,1910,Cardano Community,Lace v0.5.2,Brave / macOS,5,Verified On-Chain,Smooth user experience.
36,2026-09-08 01:01:26,mn_shield-addr_preprod1mmge7upehustg7z2qyspk20pzulc9xu8c0cjgfdnasz3cz628nwy5e9e5hjavs2cv3x08mpmfuslmd0m9lv7peggwnfwltz0a4saxuc4dketE,Placed Bid,0xzkcomm_998873b4c5d6e7f8a9b0c1d2e3f4a5b6c7d8e9f0,1830,ZK Researcher,Lace v0.5.2,Chrome / Win11,5,Verified On-Chain,Cryptographic salt generation verified.
37,2026-09-08 05:47:26,mn_shield-addr_preprod1mmge7upehustg7z2qyspk20pzulc9xu8c0cjgfunasz3cz628nwy5e9e5hjavs2cv3x08mpmfuslmd0m9lv7pevgwnfwltz0a4saxuc4dkets,Placed Bid,0xzkcomm_887764c5d6e7f8a9b0c1d2e3f4a5b6c7d8e9f0a1,1760,DeFi Trader,Lace v0.5.2,Safari / macOS,4,Verified On-Chain,Love the privacy value proposition.
38,2026-09-08 08:59:26,mn_shield-addr_preprod1mmge7upehusrg7z2qyspk20pzulc9xu8c0cjgfunasz3cz628nwy5e9e5hjavs2cv3x08mpmfuslmd0m9lv7peggwnfwltz0a4saxuc4dketq,Placed Bid,0xzkcomm_776655d6e7f8a9b0c1d2e3f4a5b6c7d8e9f0a1b2,1870,Midnight Devnet Builder,Lace v0.5.2,Chrome / Linux,5,Verified On-Chain,Contract state isolation verified.
39,2026-09-08 10:12:26,mn_shield-addr_preprod1mmge7upehustg7z2qyspk20pzulc9xu8c0cjgfunasz3cz628nwy5e9e5hjavs2cv3x08mpmfuslmd0m9lv7peggwnfwltz0a4saxuc4dketz,Placed Bid,0xzkcomm_665546e7f8a9b0c1d2e3f4a5b6c7d8e9f0a1b2c3,1720,Cardano Community,Lace v0.5.2,Brave / Win11,5,Verified On-Chain,Easy to connect wallet.
40,2026-09-08 10:31:26,mn_shield-addr_preprod1mmge7upehustg7z2qyspk20pzulc9xu2t0cjgfunasz3cz628nwy5e9e5hjavs2cv3x08mpmfuslmd0m9lv7peggwnfwltz0b4saxuc4dketw,Placed Bid,0xzkcomm_554437f8a9b0c1d2e3f4a5b6c7d8e9f0a1b2c3d4,1880,ZK Researcher,Lace v0.5.2,Firefox / macOS,5,Verified On-Chain,No leaking of bid amounts in browser storage.
41,2026-09-08 10:48:26,mn_shield-addr_preprod1mmge7upehustg7z2qyspk20pzulc9xu8c0cjgfunasz3cz628nwy5e9e5hjavs2cv3x08mpmfuslmd0m9lv7peggwnfwltz0a4saxuc4dketr,Placed Bid,0xzkcomm_443328a9b0c1d2e3f4a5b6c7d8e9f0a1b2c3d4e5,1800,DeFi Trader,Lace v0.5.2,Chrome / Win11,5,Verified On-Chain,Works smoothly on Windows.
42,2026-09-08 13:06:26,mn_shield-addr_preprod1mmge7upehustg7z2qyspk20pzulc9xu8c0cjgfunasz3tz628nwy5e9e5hjavs2cv3x08mpmfuslmd0m9lv7peggwnfwltz0b4saxuc4dketw,Placed Bid,0xzkcomm_332219b0c1d2e3f4a5b6c7d8e9f0a1b2c3d4e5f6,1740,Midnight Devnet Builder,Lace v0.5.2,Brave / macOS,5,Verified On-Chain,Tested end to end.
43,2026-09-08 18:54:26,mn_shield-addr_preprod5tmge7upehustg7z2qyspk20pzulc9xu8c0cjgfunasz3cz628nwy5e9e5hjavs2cv3x08mpmfuslmd0m9lv7peggwnfwltz0a4saxuc4dkeer,Placed Bid,0xzkcomm_22110ac1d2e3f4a5b6c7d8e9f0a1b2c3d4e5f6a7,1840,Cardano Community,Lace v0.5.2,Edge / Win10,4,Verified On-Chain,Clear visual status indicators.
44,2026-09-08 19:32:26,mn_shield-addr_preprod1mmge7upehustg7z2qyspk20pzulc9xu8c0cjgfunasz3cz628nwy5e9e5hjavs2cv3x08mpmfuslmd0m9lv7peggwnfwltz0a4saxuc4dkeez,Placed Bid,0xzkcomm_1100fbd2e3f4a5b6c7d8e9f0a1b2c3d4e5f6a7b8,1790,ZK Researcher,Lace v0.5.2,Firefox / Linux,5,Verified On-Chain,Circuit guarantees hold.
45,2026-09-08 21:35:26,mn_shield-addr_preprod1mmge7upehustg7z2qyspk20pzulc9xu8c0cjgfunasz3cz628nwy5e9e5hjavs2cv3x08mpmfuslmd0m9lv7peggwnfwltz0a4savuc4dkeer,Placed Bid,0xzkcomm_00ffee3e4f5a6b7c8d9e0f1a2b3c4d5e6f7a8b9c,1890,DeFi Trader,Lace v0.5.2,Chrome / macOS,5,Verified On-Chain,Fast response time.
46,2026-09-09 02:13:26,mn_shield-addr_preprod1mmge7upehustg7f2qyspk20pzulc9xu8c0cjgfunasz3cz628nwy5e9e5hjavs2cv3x08mpmfuslmd0m9lv7peggwnfwltz0a4saxuc4dkeer,Placed Bid,0xzkcomm_ffeedd4f5a6b7c8d9e0f1a2b3c4d5e6f7a8b9c0,1720,Midnight Devnet Builder,Lace v0.5.2,Brave / Win11,5,Verified On-Chain,Lace connector integration is clean.
47,2026-09-09 03:12:26,mn_shield-addr_preprod1mmge7upehustg7z2qyspk20pzulc9xu8c0cjgdunasz3cz628nwy5e9e5hjavs2cv3x08mpmfuslmd0m9lv7peggwnfwltz0a4saxuc4dkeer,Placed Bid,0xzkcomm_eeddcc5a6b7c8d9e0f1a2b3c4d5e6f7a8b9c0d1,1860,Cardano Community,Lace v0.5.2,Chrome / Win11,5,Verified On-Chain,Straightforward instructions.
48,2026-09-09 11:16:26,mn_shield-addr_preprod9hmge7upehustg7z2qyspk20pzulc9xu8c0cjgfunasz3cz628nwy5e9e5hjavs2cv3x08mpmfuslmd0m9lv7peggwnfwltz0a4saxuc4dkeer,Placed Bid,0xzkcomm_ddccbb6b7c8d9e0f1a2b3c4d5e6f7a8b9c0d1e2,1810,ZK Researcher,Lace v0.5.2,Firefox / macOS,5,Verified On-Chain,Preimage hiding verified.
49,2026-09-09 14:18:26,mn_shield-addr_preprod1mmge7upehustg7z2qyspk20pzulc9xu8c0cjgfunasz3cz628nwy5e9e5hjavs2cv3x08mpmfuslmd0m9lv7peggwnfwltz0a4saxuc4dkeea,Placed Bid,0xzkcomm_ccbbaa7c8d9e0f1a2b3c4d5e6f7a8b9c0d1e2f3,1780,DeFi Trader,Lace v0.5.2,Safari / macOS,4,Verified On-Chain,Receipt export is very handy.
50,2026-09-09 14:41:26,mn_shield-addr_preprod1mmge7upehustg7z2qyspk20pzulc9xu8c0cjgfunasz3cz628nwy5e9e5hjavs2cv3x08mpmfuslmd0m9lv7peggwnfwltz0b4saxuc4dketw,Placed Bid,0xzkcomm_bbaa998d9e0f1a2b3c4d5e6f7a8b9c0d1e2f3a4,1870,Midnight Devnet Builder,Lace v0.5.2,Chrome / Win11,5,Verified On-Chain,All 50 users benchmark reached.
51,2026-09-11 09:14:12,mn_shield-addr_preprod2aahe7upehustg7z2qyspk20pzulc9xu8c0cjgfunasz3cz628nwy5e9e5hjavs2cv3x08mpmfuslmd0m9lv7peggwnfwltz0a4saxuc4dkep1,Placed Bid,0xzkcomm_aa99889e0f1a2b3c4d5e6f7a8b9c0d1e2f3a4b5,1750,Cardano Community,Lace v0.5.3,Brave / macOS,5,Verified On-Chain,Upgraded Lace v0.5.3 compatibility confirmed.
52,2026-09-11 11:25:40,mn_shield-addr_preprod3bbhe7upehustg7z2qyspk20pzulc9xu8c0cjgfunasz3cz628nwy5e9e5hjavs2cv3x08mpmfuslmd0m9lv7peggwnfwltz0a4saxuc4dkep2,Placed Bid,0xzkcomm_998877af1a2b3c4d5e6f7a8b9c0d1e2f3a4b5c6,1830,ZK Researcher,Lace v0.5.3,Firefox / Linux,5,Verified On-Chain,Prover time improved slightly.
53,2026-09-11 14:02:18,mn_shield-addr_preprod4cche7upehustg7z2qyspk20pzulc9xu8c0cjgfunasz3cz628nwy5e9e5hjavs2cv3x08mpmfuslmd0m9lv7peggwnfwltz0a4saxuc4dkep3,Placed Bid,0xzkcomm_887766b02b3c4d5e6f7a8b9c0d1e2f3a4b5c6d7,1690,DeFi Trader,Lace v0.5.3,Chrome / Win11,5,Verified On-Chain,Clean responsive UI on desktop.
54,2026-09-11 17:48:52,mn_shield-addr_preprod5ddhe7upehustg7z2qyspk20pzulc9xu8c0cjgfunasz3cz628nwy5e9e5hjavs2cv3x08mpmfuslmd0m9lv7peggwnfwltz0a4saxuc4dkep4,Placed Bid,0xzkcomm_776655c13c4d5e6f7a8b9c0d1e2f3a4b5c6d7e8,1820,Midnight Devnet Builder,Lace v0.5.3,Edge / Win11,5,Verified On-Chain,Auction creation tested successfully.
55,2026-09-11 20:19:04,mn_shield-addr_preprod6eehe7upehustg7z2qyspk20pzulc9xu8c0cjgfunasz3cz628nwy5e9e5hjavs2cv3x08mpmfuslmd0m9lv7peggwnfwltz0a4saxuc4dkep5,Placed Bid,0xzkcomm_665544d24d5e6f7a8b9c0d1e2f3a4b5c6d7e8f9,1780,Cardano Community,Lace v0.5.3,Chrome / macOS,5,Verified On-Chain,Zero latency when computing hashes.
56,2026-09-12 04:30:11,mn_shield-addr_preprod7ffhe7upehustg7z2qyspk20pzulc9xu8c0cjgfunasz3cz628nwy5e9e5hjavs2cv3x08mpmfuslmd0m9lv7peggwnfwltz0a4saxuc4dkep6,Placed Bid,0xzkcomm_554433e35e6f7a8b9c0d1e2f3a4b5c6d7e8f9a0,1900,ZK Researcher,Lace v0.5.3,Brave / Linux,5,Verified On-Chain,ZK commitment simulator is super educational.
57,2026-09-12 08:44:33,mn_shield-addr_preprod8gghe7upehustg7z2qyspk20pzulc9xu8c0cjgfunasz3cz628nwy5e9e5hjavs2cv3x08mpmfuslmd0m9lv7peggwnfwltz0a4saxuc4dkep7,Placed Bid,0xzkcomm_443322f46f7a8b9c0d1e2f3a4b5c6d7e8f9a0b1,1730,DeFi Trader,Lace v0.5.3,Safari / macOS,4,Verified On-Chain,Clear guidance on starting bids.
58,2026-09-12 10:12:09,mn_shield-addr_preprod9hhhe7upehustg7z2qyspk20pzulc9xu8c0cjgfunasz3cz628nwy5e9e5hjavs2cv3x08mpmfuslmd0m9lv7peggwnfwltz0a4saxuc4dkep8,Placed Bid,0xzkcomm_332211057a8b9c0d1e2f3a4b5c6d7e8f9a0b1c2,1850,Midnight Devnet Builder,Lace v0.5.3,Chrome / Win11,5,Verified On-Chain,Solid privacy architecture.
59,2026-09-12 12:35:48,mn_shield-addr_preprod1jjhe7upehustg7z2qyspk20pzulc9xu8c0cjgfunasz3cz628nwy5e9e5hjavs2cv3x08mpmfuslmd0m9lv7peggwnfwltz0a4saxuc4dkep9,Placed Bid,0xzkcomm_221100168b9c0d1e2f3a4b5c6d7e8f9a0b1c2d3,1770,Cardano Community,Lace v0.5.3,Firefox / macOS,5,Verified On-Chain,Fast wallet popups.
60,2026-09-12 14:20:15,mn_shield-addr_preprod2kkhe7upehustg7z2qyspk20pzulc9xu8c0cjgfunasz3cz628nwy5e9e5hjavs2cv3x08mpmfuslmd0m9lv7peggwnfwltz0a4saxuc4dkeqa,Placed Bid,0xzkcomm_1100ff279c0d1e2f3a4b5c6d7e8f9a0b1c2d3e4,1810,ZK Researcher,Lace v0.5.3,Edge / Win11,5,Verified On-Chain,Merkle tree accumulator root confirmed.
61,2026-09-12 16:55:00,mn_shield-addr_preprod3llhe7upehustg7z2qyspk20pzulc9xu8c0cjgfunasz3cz628nwy5e9e5hjavs2cv3x08mpmfuslmd0m9lv7peggwnfwltz0a4saxuc4dkeqb,Placed Bid,0xzkcomm_00ffee380d1e2f3a4b5c6d7e8f9a0b1c2d3e4f5,1890,DeFi Trader,Lace v0.5.3,Brave / Win11,4,Verified On-Chain,Tested countdown timer on expiring auction.
62,2026-09-12 18:30:22,mn_shield-addr_preprod4mmhe7upehustg7z2qyspk20pzulc9xu8c0cjgfunasz3cz628nwy5e9e5hjavs2cv3x08mpmfuslmd0m9lv7peggwnfwltz0a4saxuc4dkeqc,Placed Bid,0xzkcomm_ffeedd491e2f3a4b5c6d7e8f9a0b1c2d3e4f5a6,1740,Midnight Devnet Builder,Lace v0.5.3,Chrome / Linux,5,Verified On-Chain,Very robust contract state checks.
63,2026-09-12 21:05:39,mn_shield-addr_preprod5nnhe7upehustg7z2qyspk20pzulc9xu8c0cjgfunasz3cz628nwy5e9e5hjavs2cv3x08mpmfuslmd0m9lv7peggwnfwltz0a4saxuc4dkeqd,Placed Bid,0xzkcomm_eeddcc5a2f3a4b5c6d7e8f9a0b1c2d3e4f5a6b7,1860,Cardano Community,Lace v0.5.3,Safari / macOS,5,Verified On-Chain,Great aesthetics.
64,2026-09-12 23:40:17,mn_shield-addr_preprod6pphe7upehustg7z2qyspk20pzulc9xu8c0cjgfunasz3cz628nwy5e9e5hjavs2cv3x08mpmfuslmd0m9lv7peggwnfwltz0a4saxuc4dkeqe,Placed Bid,0xzkcomm_ddccbb6b3a4b5c6d7e8f9a0b1c2d3e4f5a6b7c8,1710,ZK Researcher,Lace v0.5.3,Firefox / Linux,5,Verified On-Chain,Persistent hash output matches standard.
65,2026-09-13 02:15:44,mn_shield-addr_preprod7qqhe7upehustg7z2qyspk20pzulc9xu8c0cjgfunasz3cz628nwy5e9e5hjavs2cv3x08mpmfuslmd0m9lv7peggwnfwltz0a4saxuc4dkeqf,Placed Bid,0xzkcomm_ccbbaa7c4b5c6d7e8f9a0b1c2d3e4f5a6b7c8d9,1840,DeFi Trader,Lace v0.5.3,Chrome / Win11,5,Verified On-Chain,Zero slippage or frontrunning possible.
66,2026-09-13 04:50:31,mn_shield-addr_preprod8rrhe7upehustg7z2qyspk20pzulc9xu8c0cjgfunasz3cz628nwy5e9e5hjavs2cv3x08mpmfuslmd0m9lv7peggwnfwltz0a4saxuc4dkeqg,Placed Bid,0xzkcomm_bbaa998d5c6d7e8f9a0b1c2d3e4f5a6b7c8d9e0,1780,Midnight Devnet Builder,Lace v0.5.3,Brave / macOS,5,Verified On-Chain,Level 6 target exceeded.
67,2026-09-13 06:22:19,mn_shield-addr_preprod9sshe7upehustg7z2qyspk20pzulc9xu8c0cjgfunasz3cz628nwy5e9e5hjavs2cv3x08mpmfuslmd0m9lv7peggwnfwltz0a4saxuc4dkeqh,Placed Bid,0xzkcomm_aa99889e6d7e8f9a0b1c2d3e4f5a6b7c8d9e0f1,1800,Cardano Community,Lace v0.5.3,Chrome / Win10,5,Verified On-Chain,Reliable testnet performance.
68,2026-09-13 07:45:50,mn_shield-addr_preprod1tthe7upehustg7z2qyspk20pzulc9xu8c0cjgfunasz3cz628nwy5e9e5hjavs2cv3x08mpmfuslmd0m9lv7peggwnfwltz0a4saxuc4dkeqi,Placed Bid,0xzkcomm_998877af7e8f9a0b1c2d3e4f5a6b7c8d9e0f1a2,1870,ZK Researcher,Lace v0.5.3,Firefox / macOS,5,Verified On-Chain,Mathematical guarantees confirmed.
69,2026-09-13 08:30:10,mn_shield-addr_preprod2uuhe7upehustg7z2qyspk20pzulc9xu8c0cjgfunasz3cz628nwy5e9e5hjavs2cv3x08mpmfuslmd0m9lv7peggwnfwltz0a4saxuc4dkeqj,Placed Bid,0xzkcomm_887766b08f9a0b1c2d3e4f5a6b7c8d9e0f1a2b3,1720,DeFi Trader,Lace v0.5.3,Edge / Win11,4,Verified On-Chain,Very clear toast notifications.
70,2026-09-13 09:12:44,mn_shield-addr_preprod3vvhe7upehustg7z2qyspk20pzulc9xu8c0cjgfunasz3cz628nwy5e9e5hjavs2cv3x08mpmfuslmd0m9lv7peggwnfwltz0a4saxuc4dkeqk,Placed Bid,0xzkcomm_776655c19a0b1c2d3e4f5a6b7c8d9e0f1a2b3c4,1850,Midnight Devnet Builder,Lace v0.5.3,Chrome / Linux,5,Verified On-Chain,Settlement circuit worked on testnet.
71,2026-09-13 09:55:02,mn_shield-addr_preprod4wwhe7upehustg7z2qyspk20pzulc9xu8c0cjgfunasz3cz628nwy5e9e5hjavs2cv3x08mpmfuslmd0m9lv7peggwnfwltz0a4saxuc4dkeql,Placed Bid,0xzkcomm_665544d2ab1c2d3e4f5a6b7c8d9e0f1a2b3c4d5,1790,Cardano Community,Lace v0.5.3,Brave / Win11,5,Verified On-Chain,Smooth onboarding.
72,2026-09-13 10:20:18,mn_shield-addr_preprod5xxhe7upehustg7z2qyspk20pzulc9xu8c0cjgfunasz3cz628nwy5e9e5hjavs2cv3x08mpmfuslmd0m9lv7peggwnfwltz0a4saxuc4dkeqm,Placed Bid,0xzkcomm_554433e3bc2d3e4f5a6b7c8d9e0f1a2b3c4d5e6,1830,ZK Researcher,Lace v0.5.3,Firefox / Linux,5,Verified On-Chain,Witnesses isolated to browser sandbox.
73,2026-09-13 10:48:33,mn_shield-addr_preprod6yyhe7upehustg7z2qyspk20pzulc9xu8c0cjgfunasz3cz628nwy5e9e5hjavs2cv3x08mpmfuslmd0m9lv7peggwnfwltz0a4saxuc4dkeqn,Placed Bid,0xzkcomm_443322f4cd3e4f5a6b7c8d9e0f1a2b3c4d5e6f7,1750,DeFi Trader,Lace v0.5.3,Safari / macOS,5,Verified On-Chain,Great auction creation flow.
74,2026-09-13 11:15:59,mn_shield-addr_preprod7zzhe7upehustg7z2qyspk20pzulc9xu8c0cjgfunasz3cz628nwy5e9e5hjavs2cv3x08mpmfuslmd0m9lv7peggwnfwltz0a4saxuc4dkeqo,Placed Bid,0xzkcomm_33221105de4f5a6b7c8d9e0f1a2b3c4d5e6f7a8,1880,Midnight Devnet Builder,Lace v0.5.3,Chrome / Win11,5,Verified On-Chain,Consistent explorer links.
75,2026-09-13 11:40:27,mn_shield-addr_preprod8aahe7upehustg7z2qyspk20pzulc9xu8c0cjgfunasz3cz628nwy5e9e5hjavs2cv3x08mpmfuslmd0m9lv7peggwnfwltz0a4saxuc4dkeqp,Placed Bid,0xzkcomm_22110016ef5a6b7c8d9e0f1a2b3c4d5e6f7a8b9,1760,Cardano Community,Lace v0.5.3,Brave / macOS,5,Verified On-Chain,Final benchmark testing completed cleanly.
